"id","name","beatport_artist_id","created_at","updated_at"
"7334","DJ Marky","12355","2011-07-21 13:10:31.844379","2011-07-21 13:10:31.844379"
"7335","S.P.Y.","82825","2011-07-21 13:10:31.854583","2011-07-21 13:10:31.854583"
"7336","Phetsta","26187","2011-07-21 13:10:32.287658","2011-07-21 13:10:32.287658"
"7337","Shock One","49280","2011-07-21 13:10:32.295209","2011-07-21 13:10:32.295209"
"7338","Reid Speed","19580","2011-07-21 13:10:32.715224","2011-07-21 13:10:32.715224"
"7339","FS","23061","2011-07-21 13:10:32.726757","2011-07-21 13:10:32.726757"
"7340","Calvertron","42308","2011-07-21 13:10:32.736652","2011-07-21 13:10:32.736652"
"7341","Mindscape","5603","2011-07-21 13:10:33.293149","2011-07-21 13:10:33.293149"
"7342","Ryme Tyme","14823","2011-07-21 13:10:33.314309","2011-07-21 13:10:33.314309"
"7343","Evol Intent","3041","2011-07-21 13:10:33.657018","2011-07-21 13:10:33.657018"
"7344","EmalKay","66008","2011-07-21 13:10:33.964048","2011-07-21 13:10:33.964048"
"7345","Lena Cullen","185639","2011-07-21 13:10:33.974990","2011-07-21 13:10:33.974990"
"7346","Camo","48223","2011-07-21 13:10:34.428644","2011-07-21 13:10:34.428644"
"7347","Krooked","68841","2011-07-21 13:10:34.451055","2011-07-21 13:10:34.451055"
"7348","Wilkinson","135833","2011-07-21 13:10:35.078146","2011-07-21 13:10:35.078146"
"7349","Genetic Bros","149912","2011-07-21 13:10:35.474550","2011-07-21 13:10:35.474550"
"7350","Funk D'Void","3543","2011-07-21 13:10:35.870035","2011-07-21 13:10:35.870035"
"7351","Metrik","40108","2011-07-21 13:10:35.878243","2011-07-21 13:10:35.878243"
"7352","Die","12257","2011-07-21 13:10:36.626649","2011-07-21 13:10:36.626649"
"7353","Break","14824","2011-07-21 13:10:36.649506","2011-07-21 13:10:36.649506"
"7354","J Majik","1152","2011-07-21 13:10:37.040398","2011-07-21 13:10:37.040398"
"7355","Wickaman","11122","2011-07-21 13:10:37.048983","2011-07-21 13:10:37.048983"
"7356","Whiskey Pete","79618","2011-07-21 13:10:37.904797","2011-07-21 13:10:37.904797"
"7357","Figure","108439","2011-07-21 13:10:37.926551","2011-07-21 13:10:37.926551"
"7358","Noisia","912","2011-07-21 13:10:38.735064","2011-07-21 13:10:38.735064"
"7359","Phace","10584","2011-07-21 13:10:38.753503","2011-07-21 13:10:38.753503"
"7360","Blokhe4d","126557","2011-07-21 13:10:39.322090","2011-07-21 13:10:39.322090"
"7361","Intelligent Manners","75444","2011-07-21 13:10:39.592261","2011-07-21 13:10:39.592261"
"7362","Andy C","3393","2011-07-21 13:10:40.484462","2011-07-21 13:10:40.484462"
"7363","Dieselboy","22467","2011-07-21 13:10:41.680759","2011-07-21 13:10:41.680759"
"7364","Mark Instinct","111822","2011-07-21 13:10:41.688724","2011-07-21 13:10:41.688724"
"7365","Bare","132952","2011-07-21 13:10:41.695536","2011-07-21 13:10:41.695536"
"7366","Muffler","1448","2011-07-21 13:10:41.989906","2011-07-21 13:10:41.989906"
"7367","Nymfo","44376","2011-07-21 13:10:42.378473","2011-07-21 13:10:42.378473"
"7368","Bcee","24688","2011-07-21 13:10:42.700142","2011-07-21 13:10:42.700142"
"7369","K-Tee","39041","2011-07-21 13:10:42.726082","2011-07-21 13:10:42.726082"
"7370","Friction","55615","2011-07-21 13:10:42.735346","2011-07-21 13:10:42.735346"
"7371","Royalston","130819","2011-07-21 13:10:43.407873","2011-07-21 13:10:43.407873"
"7372","Marky Berry","201655","2011-07-21 13:10:43.416618","2011-07-21 13:10:43.416618"
"7373","Tantrum Desire","53018","2011-07-21 13:10:43.682660","2011-07-21 13:10:43.682660"
"7374","Netsky","104132","2011-07-21 13:10:44.101383","2011-07-21 13:10:44.101383"
"7375","Dirtyphonics","92488","2011-07-21 13:10:44.631305","2011-07-21 13:10:44.631305"
"7376","Skrillex","121017","2011-07-21 13:10:44.658693","2011-07-21 13:10:44.658693"
"7377","Seba","1278","2011-07-21 13:10:45.669014","2011-07-21 13:10:45.669014"
"7378","Optiv","41134","2011-07-21 13:10:46.665071","2011-07-21 13:10:46.665071"
"7379","BTK","107934","2011-07-21 13:10:46.672834","2011-07-21 13:10:46.672834"
"7380","S.P.Y","183646","2011-07-21 13:10:47.597891","2011-07-21 13:10:47.597891"
"7381","Command Strange","77975","2011-07-21 13:10:48.985250","2011-07-21 13:10:48.985250"
"7382","Ill Skillz","55491","2011-07-21 13:10:50.097017","2011-07-21 13:10:50.097017"
"7383","DubFX","197847","2011-07-21 13:10:50.120456","2011-07-21 13:10:50.120456"
"7384","Xilent","105139","2011-07-21 13:10:50.438458","2011-07-21 13:10:50.438458"
"7385","Dementia","22652","2011-07-21 13:10:50.700760","2011-07-21 13:10:50.700760"
"7386","Rregula","54885","2011-07-21 13:10:50.712606","2011-07-21 13:10:50.712606"
"7387","Ed Rush","722","2011-07-21 13:10:50.997774","2011-07-21 13:10:50.997774"
"7388","Optical","12971","2011-07-21 13:10:51.024677","2011-07-21 13:10:51.024677"
"7389","Manufactured Superstars","126978","2011-07-21 13:10:51.051185","2011-07-21 13:10:51.051185"
"7390","Serum","40987","2011-07-21 13:10:51.300278","2011-07-21 13:10:51.300278"
"7391","Bladerunner","101796","2011-07-21 13:10:51.421979","2011-07-21 13:10:51.421979"
"7392","Commix","3325","2011-07-21 13:10:51.865850","2011-07-21 13:10:51.865850"
"7393","The Prototypes","134041","2011-07-21 13:10:52.262558","2011-07-21 13:10:52.262558"
"7394","Need For Mirrors","126901","2011-07-21 13:10:52.682769","2011-07-21 13:10:52.682769"
"7395","Livewire","42131","2011-07-21 13:10:52.986767","2011-07-21 13:10:52.986767"
"7396","Ravager","129999","2011-07-21 13:10:52.994058","2011-07-21 13:10:52.994058"
"7397","Zardonic","23120","2011-07-21 13:10:54.438078","2011-07-21 13:10:54.438078"
"7398","Davip","72138","2011-07-21 13:10:54.446249","2011-07-21 13:10:54.446249"
"7399","K Tee","26194","2011-07-21 13:10:55.364517","2011-07-21 13:10:55.364517"
"7400","Icicle","28816","2011-07-21 13:10:55.372085","2011-07-21 13:10:55.372085"
"7401","Excision","63621","2011-07-21 13:10:55.910885","2011-07-21 13:10:55.910885"
"7402","Downlink","102752","2011-07-21 13:10:55.928488","2011-07-21 13:10:55.928488"
"7403","Cern","2212","2011-07-21 13:10:56.995227","2011-07-21 13:10:56.995227"
"7404","Big Bud","14221","2011-07-21 13:10:57.314391","2011-07-21 13:10:57.314391"
"7405","Magnus","10834","2011-07-21 13:10:57.731513","2011-07-21 13:10:57.731513"
"7406","Lameduza","144957","2011-07-21 13:10:58.022638","2011-07-21 13:10:58.022638"
"7407","Podage","198319","2011-07-21 13:10:58.032561","2011-07-21 13:10:58.032561"
"7408","Pulsaar","126680","2011-07-21 13:10:58.377123","2011-07-21 13:10:58.377123"
"7409","Jae Kennedy","22901","2011-07-21 13:10:58.762569","2011-07-21 13:10:58.762569"
"7410","Gancher","81161","2011-07-21 13:10:58.777677","2011-07-21 13:10:58.777677"
"7411","Grafix","100556","2011-07-21 13:10:59.126268","2011-07-21 13:10:59.126268"
"7412","Fred V","100557","2011-07-21 13:10:59.142903","2011-07-21 13:10:59.142903"
"7413","Mefjus","106567","2011-07-21 13:10:59.579564","2011-07-21 13:10:59.579564"
"7414","Logistics","14822","2011-07-21 13:11:00.166019","2011-07-21 13:11:00.166019"
"7415","Art VS Science","158034","2011-07-21 13:11:00.450672","2011-07-21 13:11:00.450672"
"7416","Futurebound","9444","2011-07-21 13:11:00.852273","2011-07-21 13:11:00.852273"
"7417","Ariok","200057","2011-07-21 13:11:01.431834","2011-07-21 13:11:01.431834"
"7418","Facing Jinx","116843","2011-07-21 13:11:02.554210","2011-07-21 13:11:02.554210"
"7419","Urban Assault","97379","2011-07-21 13:11:03.049728","2011-07-21 13:11:03.049728"
"7420","Joe Syntax","130820","2011-07-21 13:11:05.377450","2011-07-21 13:11:05.377450"
"7421","Madday","192044","2011-07-21 13:11:05.773474","2011-07-21 13:11:05.773474"
"7422","dRamatic","66511","2011-07-21 13:11:06.074714","2011-07-21 13:11:06.074714"
"7423","DB Audio","203969","2011-07-21 13:11:06.083630","2011-07-21 13:11:06.083630"
"7424","Dose","11859","2011-07-21 13:11:06.505587","2011-07-21 13:11:06.505587"
"7425","Jade","99113","2011-07-21 13:11:06.513312","2011-07-21 13:11:06.513312"
"7426","DZ","47658","2011-07-21 13:11:07.189862","2011-07-21 13:11:07.189862"
"7427","Messinian","103775","2011-07-21 13:11:08.085103","2011-07-21 13:11:08.085103"
"7428","Adroa","185542","2011-07-21 13:11:08.093787","2011-07-21 13:11:08.093787"
"7429","Robert Owens","489","2011-07-21 13:11:08.375789","2011-07-21 13:11:08.375789"
"7430","Alix Perez","42931","2011-07-21 13:11:08.394554","2011-07-21 13:11:08.394554"
"7431","London Elektricity","17792","2011-07-21 13:11:09.083520","2011-07-21 13:11:09.083520"
"7432","Danny Byrd","17798","2011-07-21 13:11:09.095339","2011-07-21 13:11:09.095339"
"7433","Karton","20041","2011-07-21 13:11:09.411479","2011-07-21 13:11:09.411479"
"7434","Top Cat","3760","2011-07-21 13:11:10.093047","2011-07-21 13:11:10.093047"
"7435","Rebel MC","27346","2011-07-21 13:11:10.115352","2011-07-21 13:11:10.115352"
"7436","Run Dmt","174787","2011-07-21 13:11:10.897205","2011-07-21 13:11:10.897205"
"7437","Matrix","1176","2011-07-21 13:11:11.446997","2011-07-21 13:11:11.446997"
"7438","Smooth","1863","2011-07-21 13:11:11.471990","2011-07-21 13:11:11.471990"
"7439","Trei","46020","2011-07-21 13:11:12.243322","2011-07-21 13:11:12.243322"
"7440","Feint","184899","2011-07-21 13:11:12.519938","2011-07-21 13:11:12.519938"
"7441","Gein","83344","2011-07-21 13:11:12.921638","2011-07-21 13:11:12.921638"
"7442","Hybris","126317","2011-07-21 13:11:13.222074","2011-07-21 13:11:13.222074"
"7443","Cinematic","25388","2011-07-21 13:11:13.691983","2011-07-21 13:11:13.691983"
"7444","Blu Mar Ten","1255","2011-07-21 13:11:14.305611","2011-07-21 13:11:14.305611"
"7445","Inside Info","28417","2011-07-21 13:11:14.312938","2011-07-21 13:11:14.312938"
"7446","Cooh","6832","2011-07-21 13:11:14.978817","2011-07-21 13:11:14.978817"
"7447","Basher","51935","2011-07-21 13:11:15.300875","2011-07-21 13:11:15.300875"
"7448","Presence Known","138557","2011-07-21 13:11:15.861048","2011-07-21 13:11:15.861048"
"7449","D Minds","54239","2011-07-21 13:11:16.292380","2011-07-21 13:11:16.292380"
"7450","Dephzac","18562","2011-07-21 13:11:18.643643","2011-07-21 13:11:18.643643"
"7451","Chris SU","2937","2011-07-21 13:11:18.919087","2011-07-21 13:11:18.919087"
"7452","Mord Fustang","173178","2011-07-21 13:11:21.398830","2011-07-21 13:11:21.398830"
"7453","Foreign Beggars","60187","2011-07-21 13:11:22.182766","2011-07-21 13:11:22.182766"
"7454","Doctor P","118450","2011-07-21 13:11:24.156842","2011-07-21 13:11:24.156842"
"7455","Skeptiks","202101","2011-07-21 13:11:25.478709","2011-07-21 13:11:25.478709"
"7456","Tasha Baxter","79935","2011-07-21 13:11:25.914768","2011-07-21 13:11:25.914768"
"7457","Feed Me","91553","2011-07-21 13:11:25.940462","2011-07-21 13:11:25.940462"
"7458","Neon Steve","197889","2011-07-21 13:11:28.038754","2011-07-21 13:11:28.038754"
"7459","Skism","104961","2011-07-21 13:11:28.411227","2011-07-21 13:11:28.411227"
"7460","Hirshee","26974","2011-07-21 13:11:28.820661","2011-07-21 13:11:28.820661"
"7461","MyBack","163997","2011-07-21 13:11:29.139266","2011-07-21 13:11:29.139266"
"7462","Sluggo","146045","2011-07-21 13:11:29.673599","2011-07-21 13:11:29.673599"
"7463","Nerd Rage","181241","2011-07-21 13:11:29.691121","2011-07-21 13:11:29.691121"
"7464","Tim Healey","53860","2011-07-21 13:11:30.968924","2011-07-21 13:11:30.968924"
"7465","Freqhouse","194695","2011-07-21 13:11:31.016454","2011-07-21 13:11:31.016454"
"7466","xKore","201866","2011-07-21 13:11:31.619572","2011-07-21 13:11:31.619572"
"7467","Rusko","65967","2011-07-21 13:11:32.317401","2011-07-21 13:11:32.317401"
"7468","Bro Safari","157954","2011-07-21 13:11:35.451287","2011-07-21 13:11:35.451287"
"7469","Ed Solo","750","2011-07-21 13:11:36.775924","2011-07-21 13:11:36.775924"
"7470","AfroWhitey","194043","2011-07-21 13:11:36.788096","2011-07-21 13:11:36.788096"
"7471","Proper Villains","44725","2011-07-21 13:11:37.514229","2011-07-21 13:11:37.514229"
"7472","Fei-Fei","80479","2011-07-21 13:11:37.521565","2011-07-21 13:11:37.521565"
"7473","Molly Jenson","145595","2011-07-21 13:11:37.532704","2011-07-21 13:11:37.532704"
"7474","Deadmau5","26182","2011-07-21 13:11:37.795767","2011-07-21 13:11:37.795767"
"7475","Kito","150764","2011-07-21 13:11:38.553702","2011-07-21 13:11:38.553702"
"7476","Reija Lee","169752","2011-07-21 13:11:38.561728","2011-07-21 13:11:38.561728"
"7477","Helicopter Showdown","169160","2011-07-21 13:11:45.122472","2011-07-21 13:11:45.122472"
"7478","DCarls","203820","2011-07-21 13:11:46.830894","2011-07-21 13:11:46.830894"
"7479","Aquasky","749","2011-07-21 13:11:48.648931","2011-07-21 13:11:48.648931"
"7480","Diane Charlemagne","56871","2011-07-21 13:11:48.656572","2011-07-21 13:11:48.656572"
"7481","Benny Benassi","4522","2011-07-21 13:11:49.326244","2011-07-21 13:11:49.326244"
"7482","Gary Go","114032","2011-07-21 13:11:49.333969","2011-07-21 13:11:49.333969"
"7483","Datsik","104746","2011-07-21 13:11:50.226764","2011-07-21 13:11:50.226764"
"7484","Dodge & Fuski","24527","2011-07-21 13:11:52.123591","2011-07-21 13:11:52.123591"
"7485","Fatboy Slim","4610","2011-07-21 13:11:52.762563","2011-07-21 13:11:52.762563"
"7486","JFB","17803","2011-07-21 13:11:52.778582","2011-07-21 13:11:52.778582"
"7487","Afghan Headspin","30700","2011-07-21 13:11:53.513632","2011-07-21 13:11:53.513632"
"7488","Herve","47592","2011-07-21 13:11:53.522946","2011-07-21 13:11:53.522946"
"7489","Black Sun Empire","4","2011-07-21 13:11:53.777263","2011-07-21 13:11:53.777263"
"7490","The Unik","131815","2011-07-21 13:11:54.071483","2011-07-21 13:11:54.071483"
"7491","DJ Vadim","13081","2011-07-21 13:11:54.880773","2011-07-21 13:11:54.880773"
"7492","Zeds Dead","16768","2011-07-21 13:11:54.889080","2011-07-21 13:11:54.889080"
"7493","The Electric","166896","2011-07-21 13:11:54.901312","2011-07-21 13:11:54.901312"
"7494","Lonestar","8807","2011-07-21 13:11:55.714972","2011-07-21 13:11:55.714972"
"7495","Getter","175574","2011-07-21 13:11:56.115473","2011-07-21 13:11:56.115473"
"7496","16Bit","10821","2011-07-21 13:11:56.582935","2011-07-21 13:11:56.582935"
"7497","Amon Tobin","12708","2011-07-21 13:11:56.774974","2011-07-21 13:11:56.774974"
"7498","Flux Pavilion","104747","2011-07-21 13:11:57.162163","2011-07-21 13:11:57.162163"
"7499","Nero (UK)","19893","2011-07-21 13:11:58.638614","2011-07-21 13:11:58.638614"
"7500","Pixel Fist","121440","2011-07-21 13:11:59.482985","2011-07-21 13:11:59.482985"
"7501","Rob Sparx","65828","2011-07-21 13:11:59.770703","2011-07-21 13:11:59.770703"
"7502","Drop Top","94646","2011-07-21 13:12:00.927037","2011-07-21 13:12:00.927037"
"7503","Orbatak","104174","2011-07-21 13:12:03.724565","2011-07-21 13:12:03.724565"
"7504","Borgore","106033","2011-07-21 13:12:04.139275","2011-07-21 13:12:04.139275"
"7505","Document One","153639","2011-07-21 13:12:04.156268","2011-07-21 13:12:04.156268"
"7506","Adi Ulmansky","196041","2011-07-21 13:12:04.177059","2011-07-21 13:12:04.177059"
"7507","The Juggernaut","148001","2011-07-21 13:12:05.343597","2011-07-21 13:12:05.343597"
"7508","Tha Trickaz","191930","2011-07-21 13:12:07.304056","2011-07-21 13:12:07.304056"
"7509","Commodo","107732","2011-07-21 13:12:07.688449","2011-07-21 13:12:07.688449"
"7510","Lurka","174357","2011-07-21 13:12:07.698020","2011-07-21 13:12:07.698020"
"7511","Ali Love","120676","2011-07-21 13:12:07.962354","2011-07-21 13:12:07.962354"
"7512","Alvin Risk","179470","2011-07-21 13:12:07.977686","2011-07-21 13:12:07.977686"
"7513","Arkist","139934","2011-07-21 13:12:08.519521","2011-07-21 13:12:08.519521"
"7514","Bare Noize","105641","2011-07-21 13:12:09.544029","2011-07-21 13:12:09.544029"
"7515","MJ Cole","6892","2011-07-21 13:12:10.432089","2011-07-21 13:12:10.432089"
"7516","RacknRuin","105728","2011-07-21 13:12:12.032102","2011-07-21 13:12:12.032102"
"7517","Hackman","109651","2011-07-21 13:12:12.554834","2011-07-21 13:12:12.554834"
"7518","Pinch","64928","2011-07-21 13:12:13.292880","2011-07-21 13:12:13.292880"
"7519","Graziano Ruan","120834","2011-07-21 13:12:13.556814","2011-07-21 13:12:13.556814"
"7520","Dyna","102079","2011-07-21 13:12:13.865496","2011-07-21 13:12:13.865496"
"7521","Boy Kid Cloud","129891","2011-07-21 13:12:14.187147","2011-07-21 13:12:14.187147"
"7522","Martin Solveig","6435","2011-07-21 13:12:15.216809","2011-07-21 13:12:15.216809"
"7523","Dragonette","42164","2011-07-21 13:12:15.234262","2011-07-21 13:12:15.234262"
"7524","Marc Remillard","106425","2011-07-21 13:12:17.115420","2011-07-21 13:12:17.115420"
"7525","Fredrik Olufsen","200778","2011-07-21 13:12:17.137480","2011-07-21 13:12:17.137480"
"7526","Freakhouze","100812","2011-07-21 13:12:17.439459","2011-07-21 13:12:17.439459"
"7527","Spor","11105","2011-07-21 13:12:17.990396","2011-07-21 13:12:17.990396"
"7528","Dirtyloud","114668","2011-07-21 13:12:18.610302","2011-07-21 13:12:18.610302"
"7529","Megalodon","128649","2011-07-21 13:12:19.059042","2011-07-21 13:12:19.059042"
"7530","Dead Battery","187551","2011-07-21 13:12:19.680972","2011-07-21 13:12:19.680972"
"7531","J.Rabbit","166802","2011-07-21 13:12:19.978631","2011-07-21 13:12:19.978631"
"7532","Brookes Brothers","25051","2011-07-21 13:12:20.458934","2011-07-21 13:12:20.458934"
"7533","Photek","10807","2011-07-21 13:12:20.882273","2011-07-21 13:12:20.882273"
"7534","Saint Rider","158043","2011-07-21 13:12:23.210251","2011-07-21 13:12:23.210251"
"7535","Trowa","164058","2011-07-21 13:12:23.720646","2011-07-21 13:12:23.720646"
"7536","Avicii","86436","2011-07-21 13:12:27.451228","2011-07-21 13:12:27.451228"
"7537","Cazzette","197297","2011-07-21 13:12:27.463409","2011-07-21 13:12:27.463409"
"7538","Zedd","126776","2011-07-21 13:12:28.058341","2011-07-21 13:12:28.058341"
"7539","Mattias","32309","2011-07-21 13:12:28.959698","2011-07-21 13:12:28.959698"
"7540","G80's","140428","2011-07-21 13:12:28.968617","2011-07-21 13:12:28.968617"
"7541","Afrojack","25750","2011-07-21 13:12:29.482887","2011-07-21 13:12:29.482887"
"7542","R3hab","115642","2011-07-21 13:12:29.507963","2011-07-21 13:12:29.507963"
"7543","Far Too Loud","15861","2011-07-21 13:12:30.860847","2011-07-21 13:12:30.860847"
"7544","Bassjackers","51186","2011-07-21 13:12:32.129565","2011-07-21 13:12:32.129565"
"7545","DallasK","183881","2011-07-21 13:12:33.472291","2011-07-21 13:12:33.472291"
"7546","Marie L","154920","2011-07-21 13:12:36.729946","2011-07-21 13:12:36.729946"
"7547","BRUK","160826","2011-07-21 13:12:36.752463","2011-07-21 13:12:36.752463"
"7548","Joe Garston","180598","2011-07-21 13:12:37.377563","2011-07-21 13:12:37.377563"
"7549","Dimitri Vegas","38105","2011-07-21 13:12:37.913860","2011-07-21 13:12:37.913860"
"7550","Like Mike","38106","2011-07-21 13:12:37.920980","2011-07-21 13:12:37.920980"
"7551","NERVO","113114","2011-07-21 13:12:37.928495","2011-07-21 13:12:37.928495"
"7552","Plump DJs","2955","2011-07-21 13:12:38.502484","2011-07-21 13:12:38.502484"
"7553","Hypster","176627","2011-07-21 13:12:39.969371","2011-07-21 13:12:39.969371"
"7554","Lazy Rich","38934","2011-07-21 13:12:40.750073","2011-07-21 13:12:40.750073"
"7555","LMFAO","113716","2011-07-21 13:12:42.467486","2011-07-21 13:12:42.467486"
"7556","Audiobot","149685","2011-07-21 13:12:42.477535","2011-07-21 13:12:42.477535"
"7557","Alvaro","43157","2011-07-21 13:12:43.309493","2011-07-21 13:12:43.309493"
"7558","Artistic Raw","100552","2011-07-21 13:12:43.320059","2011-07-21 13:12:43.320059"
"7559","The S","144380","2011-07-21 13:12:43.832031","2011-07-21 13:12:43.832031"
"7560","Dave Spoon","7797","2011-07-21 13:12:45.303988","2011-07-21 13:12:45.303988"
"7561","Patric La Funk","16907","2011-07-21 13:12:45.314367","2011-07-21 13:12:45.314367"
"7562","Chuckie","39379","2011-07-21 13:12:45.946174","2011-07-21 13:12:45.946174"
"7563","The Saturdays","199989","2011-07-21 13:12:45.954143","2011-07-21 13:12:45.954143"
"7564","John Dahlback","3352","2011-07-21 13:12:46.666305","2011-07-21 13:12:46.666305"
"7565","Laidback Luke","13003","2011-07-21 13:12:47.262717","2011-07-21 13:12:47.262717"
"7566","Alice Deejay","193341","2011-07-21 13:12:47.272800","2011-07-21 13:12:47.272800"
"7567","Autoerotique","106154","2011-07-21 13:12:47.928130","2011-07-21 13:12:47.928130"
"7568","Trash Yourself","103046","2011-07-21 13:12:52.287802","2011-07-21 13:12:52.287802"
"7569","Gum Me","116161","2011-07-21 13:12:52.756376","2011-07-21 13:12:52.756376"
"7570","Electric Soulside","33938","2011-07-21 13:12:53.053253","2011-07-21 13:12:53.053253"
"7571","Eric Farias","197441","2011-07-21 13:12:53.060702","2011-07-21 13:12:53.060702"
"7572","Fussy Boy","126147","2011-07-21 13:12:53.458533","2011-07-21 13:12:53.458533"
"7573","Dirty South","5475","2011-07-21 13:12:54.269573","2011-07-21 13:12:54.269573"
"7574","Diddy - Dirty Money","180355","2011-07-21 13:12:54.294470","2011-07-21 13:12:54.294470"
"7575","Roodmusic","194061","2011-07-21 13:12:55.252028","2011-07-21 13:12:55.252028"
"7576","Bad Boy Bill","232","2011-07-21 13:12:55.746195","2011-07-21 13:12:55.746195"
"7577","Tommy Trash","30945","2011-07-21 13:12:57.614219","2011-07-21 13:12:57.614219"
"7578","Tommy Noble","202695","2011-07-21 13:12:58.986589","2011-07-21 13:12:58.986589"
"7579","TJR","17047","2011-07-21 13:12:59.303968","2011-07-21 13:12:59.303968"
"7580","DJ Gant-Man","38904","2011-07-21 13:12:59.332688","2011-07-21 13:12:59.332688"
"7581","Bombs Away","156230","2011-07-21 13:12:59.358022","2011-07-21 13:12:59.358022"
"7582","DJ Chus","3462","2011-07-21 13:12:59.842240","2011-07-21 13:12:59.842240"
"7583","Tom Stephan","11057","2011-07-21 13:12:59.851809","2011-07-21 13:12:59.851809"
"7584","Green Velvet","7043","2011-07-21 13:13:01.510807","2011-07-21 13:13:01.510807"
"7585","Santiago & Bushido","14200","2011-07-21 13:13:01.523970","2011-07-21 13:13:01.523970"
"7586","Sporty-O","82039","2011-07-21 13:13:02.099888","2011-07-21 13:13:02.099888"
"7587","PeaceTreaty","117674","2011-07-21 13:13:02.122409","2011-07-21 13:13:02.122409"
"7588","Defunct!","80063","2011-07-21 13:13:02.655769","2011-07-21 13:13:02.655769"
"7589","A Girl And A Gun","110007","2011-07-21 13:13:02.670976","2011-07-21 13:13:02.670976"
"7590","MC Loc E","117586","2011-07-21 13:13:02.686036","2011-07-21 13:13:02.686036"
"7591","The Loops Of Fury","110520","2011-07-21 13:13:05.029822","2011-07-21 13:13:05.029822"
"7592","Foamo","75626","2011-07-21 13:13:05.546262","2011-07-21 13:13:05.546262"
"7593","Vodge Diper","202436","2011-07-21 13:13:05.798180","2011-07-21 13:13:05.798180"
"7594","Mastiksoul","7206","2011-07-21 13:13:06.138287","2011-07-21 13:13:06.138287"
"7595","Dada","41195","2011-07-21 13:13:06.170833","2011-07-21 13:13:06.170833"
"7596","Sak Noel","166843","2011-07-21 13:13:06.866698","2011-07-21 13:13:06.866698"
"7597","Quintino","55391","2011-07-21 13:13:08.411722","2011-07-21 13:13:08.411722"
"7598","Dada Life","26795","2011-07-21 13:13:09.995335","2011-07-21 13:13:09.995335"
"7599","Utku S.","98852","2011-07-21 13:13:11.406978","2011-07-21 13:13:11.406978"
"7600","Digital Freq","45572","2011-07-21 13:13:11.719098","2011-07-21 13:13:11.719098"
"7601","Calvin Harris","32576","2011-07-21 13:13:11.972727","2011-07-21 13:13:11.972727"
"7602","David Guetta","10631","2011-07-21 13:13:13.449907","2011-07-21 13:13:13.449907"
"7603","Bart B More","17120","2011-07-21 13:13:16.464176","2011-07-21 13:13:16.464176"
"7604","Teenage Bad Girl","35096","2011-07-21 13:13:16.495715","2011-07-21 13:13:16.495715"
"7605","Bingo Players","20418","2011-07-21 13:13:17.472179","2011-07-21 13:13:17.472179"
"7606","Chrizz Luvly","31896","2011-07-21 13:13:18.055503","2011-07-21 13:13:18.055503"
"7607","Jay Saunders","167147","2011-07-21 13:13:18.066679","2011-07-21 13:13:18.066679"
"7608","D.I.M.","35025","2011-07-21 13:13:18.947345","2011-07-21 13:13:18.947345"
"7609","Tai","111471","2011-07-21 13:13:18.970286","2011-07-21 13:13:18.970286"
"7610","Spencer & Hill","24714","2011-07-21 13:13:19.454315","2011-07-21 13:13:19.454315"
"7611","Pallada","202663","2011-07-21 13:13:19.476699","2011-07-21 13:13:19.476699"
"7612","Fiora","179192","2011-07-21 13:13:22.833591","2011-07-21 13:13:22.833591"
"7613","Crookers","40239","2011-07-21 13:13:23.451503","2011-07-21 13:13:23.451503"
"7614","Curtis B","24615","2011-07-21 13:13:23.837469","2011-07-21 13:13:23.837469"
"7615","Houserocka","130204","2011-07-21 13:13:23.846020","2011-07-21 13:13:23.846020"
"7616","Kurd Maverick","8573","2011-07-21 13:13:24.751072","2011-07-21 13:13:24.751072"
"7617","Tonite Only","32833","2011-07-21 13:13:25.741842","2011-07-21 13:13:25.741842"
"7618","Karasho","155812","2011-07-21 13:13:27.379552","2011-07-21 13:13:27.379552"
"7619","Hatiras","17","2011-07-21 13:13:27.787963","2011-07-21 13:13:27.787963"
"7620","JELO","1343","2011-07-21 13:13:27.795906","2011-07-21 13:13:27.795906"
"7621","Sultan","1570","2011-07-21 13:13:28.822039","2011-07-21 13:13:28.822039"
"7622","Ned Shepard","15610","2011-07-21 13:13:28.842925","2011-07-21 13:13:28.842925"
"7623","Nadia Ali","81004","2011-07-21 13:13:28.866014","2011-07-21 13:13:28.866014"
"7624","Sidney Samson","12738","2011-07-21 13:13:30.181747","2011-07-21 13:13:30.181747"
"7625","Tara McDonald","92290","2011-07-21 13:13:30.201237","2011-07-21 13:13:30.201237"
"7626","Dave Aude","4743","2011-07-21 13:13:31.094400","2011-07-21 13:13:31.094400"
"7627","Mike Balance","22742","2011-07-21 13:13:31.104241","2011-07-21 13:13:31.104241"
"7628","Fractal System","92024","2011-07-21 13:13:31.506789","2011-07-21 13:13:31.506789"
"7629","Dinka","58751","2011-07-21 13:13:32.386665","2011-07-21 13:13:32.386665"
"7630","Starkillers","11853","2011-07-21 13:13:32.879846","2011-07-21 13:13:32.879846"
"7631","Dmitry KO","147410","2011-07-21 13:13:32.908524","2011-07-21 13:13:32.908524"
"7632","DJ Red","1180","2011-07-21 13:13:33.469566","2011-07-21 13:13:33.469566"
"7633","DJ Scotty Boy","71720","2011-07-21 13:13:33.498284","2011-07-21 13:13:33.498284"
"7634","SpekrFreks","1528","2011-07-21 13:13:33.822065","2011-07-21 13:13:33.822065"
"7635","Melleefresh","26181","2011-07-21 13:13:33.836196","2011-07-21 13:13:33.836196"
"7636","Darth & Vader","154634","2011-07-21 13:13:33.850266","2011-07-21 13:13:33.850266"
"7637","Cheasleauen","122256","2011-07-21 13:13:34.425043","2011-07-21 13:13:34.425043"
"7638","Surecut Kids","174558","2011-07-21 13:13:34.447024","2011-07-21 13:13:34.447024"
"7639","Dirty Beat","202246","2011-07-21 13:13:35.523582","2011-07-21 13:13:35.523582"
"7640","Sunnery James & Ryan Marciano","76410","2011-07-21 13:13:38.345760","2011-07-21 13:13:38.345760"
"7641","Nause","139336","2011-07-21 13:13:40.009558","2011-07-21 13:13:40.009558"
"7642","Mustard Pimp","91248","2011-07-21 13:13:44.524032","2011-07-21 13:13:44.524032"
"7643","Robbie Rivera","557","2011-07-21 13:13:45.444257","2011-07-21 13:13:45.444257"
"7644","Koen Groeneveld","68280","2011-07-21 13:13:45.454089","2011-07-21 13:13:45.454089"
"7645","Ana Criado","140691","2011-07-21 13:13:45.462804","2011-07-21 13:13:45.462804"
"7646","Ryan Enzed","197447","2011-07-21 13:13:45.784792","2011-07-21 13:13:45.784792"
"7647","Hot Pink Delorean","82778","2011-07-21 13:13:46.046005","2011-07-21 13:13:46.046005"
"7648","Alex Gopher","18044","2011-07-21 13:13:46.438417","2011-07-21 13:13:46.438417"
"7649","Blatta & Inesha","13776","2011-07-21 13:13:47.169264","2011-07-21 13:13:47.169264"
"7650","Doc Trashz","72141","2011-07-21 13:13:47.187259","2011-07-21 13:13:47.187259"
"7651","Steve Aoki","104181","2011-07-21 13:13:47.697279","2011-07-21 13:13:47.697279"
"7652","Mark Knight","1938","2011-07-21 13:13:51.912569","2011-07-21 13:13:51.912569"
"7653","Florence And The Machine","95654","2011-07-21 13:13:51.920603","2011-07-21 13:13:51.920603"
"7654","Arty","100105","2011-07-21 13:13:52.314108","2011-07-21 13:13:52.314108"
"7655","Moguai","2609","2011-07-21 13:13:53.504456","2011-07-21 13:13:53.504456"
"7656","Alex Kenji","10297","2011-07-21 13:13:54.305867","2011-07-21 13:13:54.305867"
"7657","Alesso","136838","2011-07-21 13:13:54.335113","2011-07-21 13:13:54.335113"
"7658","Luca Cassani","15696","2011-07-21 13:13:55.780481","2011-07-21 13:13:55.780481"
"7659","Dario Maffia","76389","2011-07-21 13:13:55.797873","2011-07-21 13:13:55.797873"
"7660","BT","1786","2011-07-21 13:13:56.782257","2011-07-21 13:13:56.782257"
"7661","Morgan Page","2614","2011-07-21 13:13:56.789117","2011-07-21 13:13:56.789117"
"7662","Hardwell","66652","2011-07-21 13:13:57.219900","2011-07-21 13:13:57.219900"
"7663","Thomas Gold","15276","2011-07-21 13:13:58.521906","2011-07-21 13:13:58.521906"
"7664","Adele","105417","2011-07-21 13:13:58.530632","2011-07-21 13:13:58.530632"
"7665","Shermanology","120666","2011-07-21 13:14:00.689781","2011-07-21 13:14:00.689781"
"7666","Pryda","10554","2011-07-21 13:14:01.240000","2011-07-21 13:14:01.240000"
"7667","Kings Of Tomorrow","6319","2011-07-21 13:14:02.020881","2011-07-21 13:14:02.020881"
"7668","East & Young","106458","2011-07-21 13:14:02.030843","2011-07-21 13:14:02.030843"
"7669","Deniz Koyu","30509","2011-07-21 13:14:02.489585","2011-07-21 13:14:02.489585"
"7670","Max Vangeli","87607","2011-07-21 13:14:03.820331","2011-07-21 13:14:03.820331"
"7671","AN21","109262","2011-07-21 13:14:03.841124","2011-07-21 13:14:03.841124"
"7672","Swedish House Mafia","117003","2011-07-21 13:14:03.866354","2011-07-21 13:14:03.866354"
"7673","Sander Van Doorn","12490","2011-07-21 13:14:06.110204","2011-07-21 13:14:06.110204"
"7674","Sharam Jey","6336","2011-07-21 13:14:06.606001","2011-07-21 13:14:06.606001"
"7675","Soundz Fresh","11535","2011-07-21 13:14:06.650699","2011-07-21 13:14:06.650699"
"7676","Funkagenda","10856","2011-07-21 13:14:06.944251","2011-07-21 13:14:06.944251"
"7677","Adam K","20896","2011-07-21 13:14:06.954621","2011-07-21 13:14:06.954621"
"7678","Nicky Romero","79366","2011-07-21 13:14:09.403638","2011-07-21 13:14:09.403638"
"7679","Kryder","173555","2011-07-21 13:14:09.985828","2011-07-21 13:14:09.985828"
"7680","Young Rebels","8300","2011-07-21 13:14:10.893161","2011-07-21 13:14:10.893161"
"7681","Francesco Diaz","13169","2011-07-21 13:14:10.913239","2011-07-21 13:14:10.913239"
"7682","David Costa","87329","2011-07-21 13:14:10.932673","2011-07-21 13:14:10.932673"
"7683","Ferry Corsten","3815","2011-07-21 13:14:12.646625","2011-07-21 13:14:12.646625"
"7684","Red Carpet","6183","2011-07-21 13:14:13.433074","2011-07-21 13:14:13.433074"
"7685","Marcus Schossow","9101","2011-07-21 13:14:13.441431","2011-07-21 13:14:13.441431"
"7686","Yves V","76170","2011-07-21 13:14:14.295706","2011-07-21 13:14:14.295706"
"7687","Angger Dimas","108619","2011-07-21 13:14:14.323410","2011-07-21 13:14:14.323410"
"7688","Maurizio Gubellini","34476","2011-07-21 13:14:14.877436","2011-07-21 13:14:14.877436"
"7689","Stefano Pain","59296","2011-07-21 13:14:14.885922","2011-07-21 13:14:14.885922"
"7690","Arno Cost","20370","2011-07-21 13:14:17.843015","2011-07-21 13:14:17.843015"
"7691","Tom Hangs","141541","2011-07-21 13:14:19.125901","2011-07-21 13:14:19.125901"
"7692","Jerome Isma-Ae","5033","2011-07-21 13:14:19.995569","2011-07-21 13:14:19.995569"
"7693","Weekend Heroes","114473","2011-07-21 13:14:20.004246","2011-07-21 13:14:20.004246"
"7694","Vicenzzo","137161","2011-07-21 13:14:20.327688","2011-07-21 13:14:20.327688"
"7695","Silco","137162","2011-07-21 13:14:20.354363","2011-07-21 13:14:20.354363"
"7696","Always","147126","2011-07-21 13:14:20.375327","2011-07-21 13:14:20.375327"
"7697","Vanessa Klein","194376","2011-07-21 13:14:20.404365","2011-07-21 13:14:20.404365"
"7698","Mijail","104924","2011-07-21 13:14:20.423962","2011-07-21 13:14:20.423962"
"7699","Blas Marin","108812","2011-07-21 13:14:20.432983","2011-07-21 13:14:20.432983"
"7700","Dr. Kucho!","1720","2011-07-21 13:14:20.699894","2011-07-21 13:14:20.699894"
"7701","Niels Van Gogh","4574","2011-07-21 13:14:21.012404","2011-07-21 13:14:21.012404"
"7702","Manuel De La Mare","23834","2011-07-21 13:14:21.038659","2011-07-21 13:14:21.038659"
"7703","Daniel Strauss","83604","2011-07-21 13:14:21.061643","2011-07-21 13:14:21.061643"
"7704","GTA","50791","2011-07-21 13:14:21.864086","2011-07-21 13:14:21.864086"
"7705","Style Of Eye","3275","2011-07-21 13:14:22.515191","2011-07-21 13:14:22.515191"
"7706","Carli","96307","2011-07-21 13:14:22.522989","2011-07-21 13:14:22.522989"
"7707","Moby","22378","2011-07-21 13:14:23.838792","2011-07-21 13:14:23.838792"
"7708","Infusion","1765","2011-07-21 13:14:24.261639","2011-07-21 13:14:24.261639"
"7709","Guy J","22031","2011-07-21 13:14:24.274486","2011-07-21 13:14:24.274486"
"7710","Martin Roth","13732","2011-07-21 13:14:24.570203","2011-07-21 13:14:24.570203"
"7711","PROFF","24276","2011-07-21 13:14:26.321791","2011-07-21 13:14:26.321791"
"7712","Cramp","83506","2011-07-21 13:14:26.330788","2011-07-21 13:14:26.330788"
"7713","Inpetto","15807","2011-07-21 13:14:26.956070","2011-07-21 13:14:26.956070"
"7714","Gregori Klosman","65866","2011-07-21 13:14:27.372056","2011-07-21 13:14:27.372056"
"7715","Marco V","3746","2011-07-21 13:14:28.308375","2011-07-21 13:14:28.308375"
"7716","Marcel Woods","13866","2011-07-21 13:14:28.315567","2011-07-21 13:14:28.315567"
"7717","Snoop Dogg","42641","2011-07-21 13:14:29.013829","2011-07-21 13:14:29.013829"
"7718","Dousk","3691","2011-07-21 13:14:30.961462","2011-07-21 13:14:30.961462"
"7719","Nick Warren","17572","2011-07-21 13:14:30.972678","2011-07-21 13:14:30.972678"
"7720","David Tort","4203","2011-07-21 13:14:31.389860","2011-07-21 13:14:31.389860"
"7721","Nari","22199","2011-07-21 13:14:32.448281","2011-07-21 13:14:32.448281"
"7722","Milani","53313","2011-07-21 13:14:32.474122","2011-07-21 13:14:32.474122"
"7723","Simone Cattaneo","63484","2011-07-21 13:14:33.768392","2011-07-21 13:14:33.768392"
"7724","Alex Gardini","80794","2011-07-21 13:14:33.779750","2011-07-21 13:14:33.779750"
"7725","Jake Shanahan","84180","2011-07-21 13:14:34.952788","2011-07-21 13:14:34.952788"
"7726","Sebastien Lintz","94334","2011-07-21 13:14:34.964926","2011-07-21 13:14:34.964926"
"7727","Interplay","58297","2011-07-21 13:14:35.889013","2011-07-21 13:14:35.889013"
"7728","Serge Devant","3777","2011-07-21 13:14:36.598246","2011-07-21 13:14:36.598246"
"7729","Taleen","105049","2011-07-21 13:14:36.605046","2011-07-21 13:14:36.605046"
"7730","Johnson","7696","2011-07-21 13:14:38.871274","2011-07-21 13:14:38.871274"
"7731","Haske","89395","2011-07-21 13:14:38.897331","2011-07-21 13:14:38.897331"
"7732","Voltaxx","7067","2011-07-21 13:14:39.150698","2011-07-21 13:14:39.150698"
"7733","Lissat","175321","2011-07-21 13:14:39.168270","2011-07-21 13:14:39.168270"
"7734","Walsh & Coutre","14006","2011-07-21 13:14:39.683524","2011-07-21 13:14:39.683524"
"7735","Darin Epsilon","31025","2011-07-21 13:14:39.693558","2011-07-21 13:14:39.693558"
"7736","Suspect 44","143091","2011-07-21 13:14:40.099027","2011-07-21 13:14:40.099027"
"7737","Tiesto","4178","2011-07-21 13:14:40.753802","2011-07-21 13:14:40.753802"
"7738","Dino","12985","2011-07-21 13:14:40.766879","2011-07-21 13:14:40.766879"
"7739","Sagan","96875","2011-07-21 13:14:42.523432","2011-07-21 13:14:42.523432"
"7740","Fedde Le Grand","21498","2011-07-21 13:14:42.806517","2011-07-21 13:14:42.806517"
"7741","Peter Gelderblom","14035","2011-07-21 13:14:43.507457","2011-07-21 13:14:43.507457"
"7742","Promise Land","109218","2011-07-21 13:14:45.545573","2011-07-21 13:14:45.545573"
"7743","Matt Lange","103682","2011-07-21 13:14:45.833037","2011-07-21 13:14:45.833037"
"7744","Laura Vane","61659","2011-07-21 13:14:46.334090","2011-07-21 13:14:46.334090"
"7745","Pink Fluid","110406","2011-07-21 13:14:46.347355","2011-07-21 13:14:46.347355"
"7746","Chris Kaeser","7579","2011-07-21 13:14:46.910472","2011-07-21 13:14:46.910472"
"7747","Laurent Delkiet","52175","2011-07-21 13:14:46.930667","2011-07-21 13:14:46.930667"
"7748","Jenna Donnelly","203999","2011-07-21 13:14:46.941854","2011-07-21 13:14:46.941854"
"7749","Tune Brothers","11482","2011-07-21 13:14:47.227028","2011-07-21 13:14:47.227028"
"7750","Francesco Gomez","131889","2011-07-21 13:14:47.234998","2011-07-21 13:14:47.234998"
"7751","Robyn","32664","2011-07-21 13:14:47.519803","2011-07-21 13:14:47.519803"
"7752","Luke Chable","1355","2011-07-21 13:14:48.468961","2011-07-21 13:14:48.468961"
"7753","Hernan Cattaneo","3678","2011-07-21 13:14:48.477352","2011-07-21 13:14:48.477352"
"7754","Martin Garcia","3679","2011-07-21 13:14:48.485560","2011-07-21 13:14:48.485560"
"7755","Mode CK","31415","2011-07-21 13:14:48.813149","2011-07-21 13:14:48.813149"
"7756","Jonathan Mendelsohn","131333","2011-07-21 13:14:48.834665","2011-07-21 13:14:48.834665"
"7757","16 Bit Lolitas","6385","2011-07-21 13:14:50.725648","2011-07-21 13:14:50.725648"
"7758","Markus Binapfl aka BIG WORLD","5718","2011-07-21 13:14:51.220278","2011-07-21 13:14:51.220278"
"7759","Nanchang Nancy","35088","2011-07-21 13:14:51.228002","2011-07-21 13:14:51.228002"
"7760","2Elements","36645","2011-07-21 13:14:51.235292","2011-07-21 13:14:51.235292"
"7761","Michael Woods","1346","2011-07-21 13:14:51.561942","2011-07-21 13:14:51.561942"
"7762","Monarchy","134194","2011-07-21 13:14:51.570484","2011-07-21 13:14:51.570484"
"7763","Save The Robot","10466","2011-07-21 13:14:51.850730","2011-07-21 13:14:51.850730"
"7764","Waikiki","63314","2011-07-21 13:14:52.164328","2011-07-21 13:14:52.164328"
"7765","Taito Tikaro","14553","2011-07-21 13:14:52.176150","2011-07-21 13:14:52.176150"
"7766","J. Louis","52956","2011-07-21 13:14:52.185534","2011-07-21 13:14:52.185534"
"7767","J.Ferreras","197309","2011-07-21 13:14:52.193228","2011-07-21 13:14:52.193228"
"7768","Soundexile","43517","2011-07-21 13:14:53.554201","2011-07-21 13:14:53.554201"
"7769","Rodskeez","79074","2011-07-21 13:14:53.722838","2011-07-21 13:14:53.722838"
"7770","Sasha","2675","2011-07-21 13:14:54.017721","2011-07-21 13:14:54.017721"
"7771","Shingo Nakamura","85591","2011-07-21 13:14:54.423250","2011-07-21 13:14:54.423250"
"7772","Marcel","10460","2011-07-21 13:14:55.314721","2011-07-21 13:14:55.314721"
"7773","Claus Von Klunk","123171","2011-07-21 13:14:56.135879","2011-07-21 13:14:56.135879"
"7774","Eric Prydz","2863","2011-07-21 13:14:56.715812","2011-07-21 13:14:56.715812"
"7775","Depeche Mode","103928","2011-07-21 13:14:56.729681","2011-07-21 13:14:56.729681"
"7776","Alex Martello","42271","2011-07-21 13:14:58.326764","2011-07-21 13:14:58.326764"
"7777","David Jones","69849","2011-07-21 13:14:58.336707","2011-07-21 13:14:58.336707"
"7778","Felice","112233","2011-07-21 13:14:58.345819","2011-07-21 13:14:58.345819"
